重石華	じゅうせっか	固有名詞
輝金鉱	ききんこう	固有名詞
沸石	ふっせき	固有名詞
硬霊性岩	こうれいせいがん	固有名詞
雲銀鉱	うんぎんこう	固有名詞
光霊銀鉱	こうれいぎんこう	固有名詞
菱亜鉛鉱	りょうあえんこう	固有名詞
閃亜鉛鉱	せんあえんこう	固有名詞
光霊銀砂	こうれいぎんさ	固有名詞
皇金鉱	おうきんこう	固有名詞
金雲母	きんうんも	固有名詞
浮島陶石	うきじまとうせき	固有名詞
真龍黒曜石	しんりゅうこくようせき	固有名詞
赤銅鉱	せきどうこう	固有名詞
皇金砂	おうきんさ	固有名詞
強火性岩	きょうかせいがん	固有名詞
強雷星岩	きょうらいせいがん	固有名詞
赤鉄鉱	せきてっこう	固有名詞
硬銀鉱	こうぎんこう	固有名詞
白雲母	しろうんも	固有名詞
白雲母砥石	しろうんもといし	固有名詞
硬銀砂	こうぎんさ	固有名詞
褐鉄鉱	かってっこう	固有名詞
天青石	てんせいせき	固有名詞
輝銅鉱	きどうこう	固有名詞
精霊銀鉱	せいれいぎんこう	固有名詞
藍鉄鉱	らんてっこう	固有名詞
戦神砂	せんじんさ	固有名詞
黄鉄鉱	おうてっこう	固有名詞
黄銅鉱	おうどうこう	固有名詞
大龍黒曜石	だいりゅうこくようせき	固有名詞
精霊銀砂	せいれいぎんさ	固有名詞
玉座の水晶塊	ぎょくざのすいしょうかい	固有名詞
灰重石	かいじゅうせき	固有名詞
金剛砂	こんごうさ	固有名詞
初卵	ういらん	固有名詞
白金鉱	はっきんこう	固有名詞
強霊性岩	きょうれいせいがん	固有名詞
斑銅鉱	まだらどうこう	固有名詞
水成岩砥石	すいせいがんといし	固有名詞
鉛丹	えんたん	固有名詞
鉄重石	てつじゅうせき	固有名詞
霊性岩	れいせいがん	固有名詞
自然金	しぜんきん	固有名詞
黒石灰岩	くろせっかいがん	固有名詞
闇鉄鉱	あんてっこう	固有名詞
闇鉄鉱	やみてっこう	固有名詞
星性岩	せいせいがん	固有名詞
鏡鉄鉱	きょうてっこう	固有名詞
青金鉱	せいきんこう	固有名詞
青金砂	せいきんさ	固有名詞
卵砥石	たまごといし	固有名詞
焼過煉瓦	やきすぎれんが	固有名詞
霊銀鉱	れいぎんこう	固有名詞
霊銀砂	れいぎんさ	固有名詞
火性岩	かせいがん	固有名詞
雷性岩	らいせいがん	固有名詞
風性岩	ふうせいがん	固有名詞
水性岩	すいせいがん	固有名詞
氷性岩	ひょうせいがん	固有名詞
土性岩	どせいがん	固有名詞
錫鉱	すずこう	固有名詞
帝国製軽金属片	ていこくせいけいきんぞくへん	固有名詞
帝国製軽金属板	ていこくせいけいきんぞくばん	固有名詞
珪化木	けいかぼく	固有名詞
珪化木丸玉	けいかぼくまるたま	固有名詞
高級黒衣香木	こうきゅうこくえこうぼく	固有名詞
黒衣香木	こくえこうぼく	固有名詞
極細絹糸	ごくぼそけんし	固有名詞
星綿	ほしわた	固有名詞
群雲布	むらくもぬの	固有名詞
群雲綿	むらくもわた	固有名詞
雪綿	ゆきわた	固有名詞
星絹布	せいけんぷ	固有名詞
閃糸	せんし	固有名詞
淡雪綿	あわゆきわた	固有名詞
雲布	くもぬの	固有名詞
魔科学繊維	まかがくせんい	固有名詞
錬金繊維	れんきんせんい	固有名詞
聖麻布	せいそふ	固有名詞
青麻布	あおそふ	固有名詞
青麻糸	あおそいと	固有名詞
青麻	あおそ	固有名詞
聖虹布	せいこうふ	固有名詞
虹布	こうふ	固有名詞
虹糸	こうし	固有名詞
虹綿	にじわた	固有名詞
山繭絹布	やままゆけんぷ	固有名詞
帝国製強化繊維	ていこくせいきょうかせんい	固有名詞
山繭糸	やままゆいと	固有名詞
耐水綿布	たいすいめんぷ	固有名詞
黄麻	こうま	固有名詞
防水綿布	ぼうすいめんぷ	固有名詞
露糸	つゆいと	固有名詞
草綿	くさわた	固有名詞
霊木樹液塊	れいぼくじゅえきかい	固有名詞
無香獣脂	むこうじゅうし	固有名詞
樹液結晶	じゅえきけっしょう	固有名詞
霊砂	れいさ	固有名詞
哲学	てつがく	固有名詞
神話	しんわ	固有名詞
戦記	せんき	固有名詞
詩学	しがく	固有名詞
法典	ほうてん	固有名詞
禁書	きんしょ	固有名詞
伝承	でんしょう	固有名詞
聖典	せいてん	固有名詞
仙薬	せんやく	固有名詞
竜薬	りゅうやく	固有名詞
霊薬	れいやく	固有名詞
軍票	ぐんぴょう	固有名詞
記章	きしょう	固有名詞
青貨	せいか	固有名詞
赤貨	せきか	固有名詞
黄貨	おうか	固有名詞
真理	しんり	固有名詞
虚構	きょこう	固有名詞
万物	ばんぶつ	固有名詞
創世	そうせい	固有名詞
鷹目石	たかめいし	固有名詞
夜鉄鉱	やてっこう	固有名詞
清銀鉱	せいぎんこう	固有名詞
清金鉱	せいきんこう	固有名詞
硬拳石	こうけんせき	固有名詞
輝水鉛鉱	きすいえんこう	固有名詞
蛇紋石	じゃもんせき	固有名詞
清金砂	せいきんさ	固有名詞
翠銀鉱	すいぎんこう	固有名詞
真砂砂鉄	まさごさてつ	固有名詞
軽鋼鉱	けいこうこう	固有名詞
餅鉄	べいてつ	固有名詞
翠銀砂	すいぎんさ	固有名詞
廃霊鉱	はいれいこう	固有名詞
珪藻土	けいそうど	固有名詞
魔銅鉱	まどうこう	固有名詞
粘板岩	ねんばんがん	固有名詞
珪岩	けいがん	固有名詞
魔銅砂	まどうさ	固有名詞
玉鋼	たまはがね	固有名詞
卸し鉄	おろしがね	固有名詞
真麻	まそ	固有名詞
真麻布	まそふ	固有名詞
藍上布	らんじょうふ	固有名詞
藍上布	あいじょうふ	固有名詞
藍麻	あいそ	固有名詞
藍麻	らんま	固有名詞
道士布	どうしふ	固有名詞
玉繭	たままゆ	固有名詞
玉糸紬	たまいとつむぎ	固有名詞
玉糸	たまいと	固有名詞
梳毛糸	そもうし	固有名詞
葛布	くずぬの	固有名詞
葛布	くずふ	固有名詞
葛布	かっぷ	固有名詞
葛苧	くずお	固有名詞
紅玉綿布	こうぎょくめんぷ	固有名詞
紅玉綿糸	こうぎょくめんし	固有名詞
紅玉綿花	こうぎょくめんか	固有名詞
赤麻布	あかそふ	固有名詞
赤麻糸	あかそいと	固有名詞
赤麻	あかそ	固有名詞
老木樹液	ろうぼくじゅえき	固有名詞
紫雷水	しらいすい	固有名詞
老木樹液塊	ろうぼくじゅえきかい	固有名詞
鷹目砂	たかめすな	固有名詞
秘製蝋	ひせいろう	固有名詞
秘製硬化触媒	ひせいこうかしょくばい	固有名詞
秘製骸炭	ひせいがいたん	固有名詞
錬金薬	れんきんやく	固有名詞
御形	おぎょう	固有名詞
御形	ごぎょう	固有名詞
風茶葉	かぜちゃば	固有名詞
精密薬	せいみつやく	固有名詞
幻想薬	げんそうやく	固有名詞
錬精薬	れんせいやく	固有名詞
強錬精薬	きょうれんせいやく	固有名詞
静魔薬	せいまやく	固有名詞
天之秘薬	あめのひやく	固有名詞
天之松材	あめのまつざい	固有名詞
天之粘土	あめのねんど	固有名詞
硬金鉱	こうきんこう	固有名詞
賢銅鉱	けんどうこう	固有名詞
闇霊銀鉱	やみれいぎんこう	固有名詞
嵐性岩	らんせいがん	固有名詞
光耀石	こうようせき	固有名詞
霊青岩	れいせいがん	固有名詞
虹結晶	にじけっしょう	固有名詞
霊青材	れいせいざい	固有名詞
硬泥岩	こうでいがん	固有名詞
凝灰岩	ぎょうかいがん	固有名詞
硬泥岩砥石	こうでいがんといし	固有名詞
凝灰岩砥石	ぎょうかいがんといし	固有名詞
硬金砂	こうきんさ	固有名詞
魔銀砂	まぎんさ	固有名詞
賢銅砂	けんどうさ	固有名詞
闇霊銀砂	やみれいぎんさ	固有名詞
白玉土	はくぎょくど	固有名詞
白亜麻布	しろあまぬの	固有名詞
虹繭布	にじまゆぬの	固有名詞
妖綿布	ようめんぷ	固有名詞
山羊毛布	やぎげぬの	固有名詞
白亜麻糸	しろあまいと	固有名詞
虹繭糸	にじまゆいと	固有名詞
妖綿糸	ようめんし	固有名詞
山羊毛糸	やぎげいと	固有名詞
白亜麻	しろあま	固有名詞
妖綿花	ようめんか	固有名詞
常輝鉱	じょうきこう	固有名詞
赤目砂鉄	あかめさてつ	固有名詞
千種鉄	ちぐさてつ	固有名詞
彗星綿糸	すいせいめんし	固有名詞
延夏綿	えんかめん	固有名詞
黒呂色漆	くろろいろうるし	固有名詞
撥水綿布	はっすいめんぷ	固有名詞
ハイデリン	はいでりん	地名
エオルゼア	えおるぜあ	地名
アルデナード小大陸	あるでなーどしょうたいりく	地名
アルデナード	あるでなーど	地名
バイルブランド島	ばいるぶらんどとう	地名
バイルブランド	ばいるぶらんど	地名
イルサバード大陸	いるさばーどたいりく	地名
イルサバード	いるさばーど	地名
オサード小大陸	おさーどしょうたいりく	地名
オサード	おさーど	地名
サベネア島	さべねあとう	地名
サベネア	さべねあ	地名
メラシディア	めらしでぃあ	地名
ラノシア	らのしあ	地名
リムサ・ロミンサ	りむさろみんさ	地名
リムサ	りむさ	地名
ゼファー陸門	ぜふぁーりくもん	地名
テンペスト陸門	てんぺすとりくもん	地名
溺れた海豚亭	おぼれたいるかてい	地名
サマーフォード庄	さまーふぉーどしょう	地名
モラビー造船廠	もらびーぞうせんじょう	地名
コスタ・デル・ソル	こすたでるそる	地名
コスタ	こすた	地名
ワインポート	わいんぽーと	地名
スウィフトパーチ入植地	すうぃふとぱーちにゅうしょくち	地名
スウィフトパーチ	すうぃふとぱーち	地名
エールポート	えーるぽーと	地名
幻影諸島	げんえいしょとう	地名
サプサ産卵地	さぷささんらんち	地名
キャンプ・ブロンズレイク	きゃんぷぶろんずれいく	地名
ブロンズレイク	ぶろんずれいく	地名
キャンプ・オーバールック	きゃんぷおーばーるっく	地名
オーバールック	おーばーるっく	地名
ウ・ガマロ武装鉱山	うがまろぶそうこうざん	地名
ウ・ガマロ	うがまろ	地名
ミスト・ヴィレッジ	みすとう゛ぃれっじ	地名
ウルヴズジェイル	うるう゛ずじぇいる	地名
グリダニア	ぐりだにあ	地名
ミィ・ケット野外音楽堂	みぃけっとやがいおんがくどう	地名
青狢門	せいかくもん	地名
黄蛇門	こうじゃもん	地名
白狼門	はくろうもん	地名
朱獺門	しゅだつもん	地名
玄猪門	げんちょもん	地名
碩老樹瞑想窟	せきろうじゅめいそうくつ	地名
カーライン・カフェ	かーらいんかふぇ	地名
黒衣森	こくえのもり	地名
バノック練兵所	ばのっくれんぺいじょ	地名
ベントブランチ牧場	べんとぶらんちぼくじょう	地名
ベントブランチ	べんとぶらんち	地名
ホウソーン家の山塞	ほうそーんけのさんさい	地名
ホウソーン	ほうそーん	地名
十二神大聖堂	じゅうにしんだいせいどう	地名
クォーリーミル	くぉーりーみる	地名
キャンプ・トランキル	きゃんぷとらんきる	地名
トランキル	とらんきる	地名
ハーストミル	はーすとみる	地名
フォールゴウド	ふぉーるごうど	地名
ラベンダーベッド	らべんだーべっど	地名
ザナラーン	ざならーん	地名
ウルダハ	うるだは	地名
ウルダハ王政庁	うるだはおうせいちょう	地名
ナナモ新門	ななもしんもん	地名
ナル大門	なるだいもん	地名
ザル大門	ざるだいもん	地名
クイックサンド	くいっくさんど	地名
ホライズン	ほらいずん	地名
ベスパーベイ	べすぱーべい	地名
ブラックブラッシュ停留所	ぶらっくぶらっしゅていりゅうじょ	地名
ブラックブラッシュ	ぶらっくぶらっしゅ	地名
キャンプ・ドライボーン	きゃんぷどらいぼーん	地名
ドライボーン	どらいぼーん	地名
リトルアラミゴ	りとるあらみご	地名
忘れられたオアシス	わすれられたおあしす	地名
キャンプ・ブルーフォグ	きゃんぷぶるーふぉぐ	地名
ブルーフォグ	ぶるーふぉぐ	地名
青燐精製所	せいりんせいせいじょ	地名
ゴールドソーサー	ごーるどそーさー	地名
ゴブレットビュート	ごぶれっとびゅーと	地名
クルザス	くるざす	地名
イシュガルド	いしゅがるど	地名
旅籠「九つの雲」	はたごここのつのくも	地名
雲霧街	うんむがい	地名
忘れられた騎士亭	わすれられたきしてい	地名
聖バルロアイアン広場	せいばるろあいあんひろば	地名
聖徒門	せいともん	地名
スカイスチール機工房	すかいすちーるきこうぼう	地名
聖レネット広場	せいれねっとひろば	地名
ラストヴィジル	らすとう゛ぃじる	地名
フォルタン伯爵邸	ふぉるたんはくしゃくてい	地名
宝杖通り	ほうじょうどおり	地名
聖レマノー大聖堂	せいれまのーだいせいどう	地名
聖アンダリム神学院	せいあんだりむしんがくいん	地名
神聖裁判所	しんせいさいばんしょ	地名
聖ガンリオル占星院	せいがんりおるせんせいいん	地名
キャンプ・ドラゴンヘッド	きゃんぷどらごんへっど	地名
ドラゴンヘッド	どらごんへっど	地名
ホワイトブリム前哨地	ほわいとぶりむぜんしょうち	地名
ホワイトブリム	ほわいとぶりむ	地名
ナタラン入植地	なたらんにゅうしょくち	地名
ナタラン	なたらん	地名
ファルコンネスト	ふぁるこんねすと	地名
聖フィネア連隊の露営地	せいふぃねあれんたいのろえいち	地名
アバラシア	あばらしあ	地名
キャンプ・クラウドトップ	きゃんぷくらうどとっぷ	地名
クラウドトップ	くらうどとっぷ	地名
オク・ズンド	おくずんど	地名
アジス・ラー	あじすらー	地名
アジス	あじす	地名
ポート・ヘリックス	ぽーとへりっくす	地名
ドラヴァニア	どらう゛ぁにあ	地名
テイルフェザー	ているふぇざー	地名
不浄の三塔	ふじょうのさんとう	地名
モグモグホーム	もぐもぐほーむ	地名
アサー天空廊	あさーてんくうろう	地名
白亜の宮殿	はくあのきゅうでん	地名
イディルシャイア	いでぃるしゃいあ	地名
モードゥナ	もーどぅな	地名
レブナンツトール	れぶなんつとーる	地名
迷霧湿原	めいむしつげん	地名
ギラバニア	ぎらばにあ	地名
銀泪湖	ぎんるいこ	地名
アジムステップ	あじむすてっぷ	地名
ドマ	どま	地名
クガネ	くがね	地名
シャーレアン	しゃーれあん	地名
ガレマール帝国	がれまーるていこく	地名
ガレマール	がれまーる	地名
サスタシャ浸食洞	さすたしゃしんしょくどう	地名
サスタシャ	さすたしゃ	地名
タムタラの墓所	たむたらのぼしょ	地名
タムタラ	たむたら	地名
カッパーベル銅山	かっぱーべるどうざん	地名
カッパーベル	かっぱーべる	地名
ハラタリ修練所	はらたりしゅうれんじょ	地名
ハラタリ	はらたり	地名
トトラクの千獄	ととらくのせんごく	地名
トトラク	ととらく	地名
ハウケタ御用邸	はうけたごようてい	地名
ハウケタ	はうけた	地名
ブレイフロクスの野営地	ぶれいふろくすのやえいち	地名
ブレイフロクス	ぶれいふろくす	地名
ブレフロ	ぶれふろ	地名
カルン埋没寺院	かるんまいぼつじいん	地名
カルン	かるん	地名
カッターズクライ	かったーずくらい	地名
ストーンヴィジル	すとーんう゛ぃじる	地名
ヴィジル	う゛ぃじる	地名
ぜーメル要塞	ぜーめるようさい	地名
ぜーメル	ぜーめる	地名
オーラムヴェイル	おーらむう゛ぇいる	地名
オーラム	おーらむ	地名
ワンダラーパレス	わんだらーぱれす	地名
ワンダ	わんだ	地名
ワンパレ	わんぱれ	地名
カストルム・メリディアヌム	かすとるむめりてぃあぬむ	地名
カスト	かすと	地名
魔導城プラエトリウム	まどうじょうぷらえとりうむ	地名
プラエトリウム	ぷらえとりうむ	地名
プラエ	ぷらえ	地名
古城アムダプール	こじょうあむだぷーる	地名
アムダ	あむだ	地名
シリウス大灯台	しりうすだいとうだい	地名
シリウス	しりうす	地名
古アムダプール市街	こあむだぷーるしがい	地名
古アムダ	こあむだ	地名
ハルブレーカー・アイル	はるぶれーかーあいる	地名
ハルブレ	はるぶれ	地名
スノークローク大氷壁	すのーくろーくだいひょうへき	地名
スノークローク	すのーくろーく	地名
スノクロ	すのくろ	地名
黙約の塔	もくやくのとう	地名
ダスクヴィジル	だすくう゛ぃじる	地名
ソーム・アル	そーむある	地名
ドラゴンズエアリー	どらごんずえありー	地名
イシュガルド教皇庁	いしゅがるどきょうこうちょう	地名
教皇庁	きょうこうちょう	地名
グブラ幻想図書館	ぐぶらげんそうとしょかん	地名
グブラ	ぐぶら	地名
魔科学研究所	まかがくけんきゅうじょ	地名
魔科学	まかがく	地名
ネバーリープ	ねばーりーぷ	地名
フラクタル・コンティニアム	ふらくたるこんてぃにあむ	地名
フラクタル	ふらくたる	地名
聖モシャーヌ植物園	せいもしゃーぬしょくぶつえん	地名
モシャーヌ	もしゃーぬ	地名
逆さの塔	さかさのとう	地名
ソール・カイ	そーるかい	地名
ゼルファトル	ぜるふぁとる	地名
バエサルの長城	ばえさるのちょうじょう	地名
バエサル	ばえさる	地名
炎帝祭跡	えんていさいあと	地名
オ・ゴロモ火口神殿	おごろもかこうしんでん	地名
ハウリングアイ石塔群	はうりんぐあいせきとうぐん	地名
茨の園	いばらのその	地名
対リヴァイアサン双胴船	たいりう゛ぁいあさんそうどうせん	地名
古木の神判地	こぼくのしんぱんち	地名
アク・アファー円形劇場	あくあふぁーえんけいげきじょう	地名
アク・アファー	あくあふぁー	地名
ポルタ・デクマーナ	ぽるたでくまーな	地名
戒律の殻	かいりつのから	地名
雲廊	うんろう	地名
聖ダナフェンの落涙	せいだなふぇんのらくるい	地名
獣闘の間	じゅうとうのま	地名
グリフィン大橋	ぐりふぃんおおはし	地名
武神の闘技場	ぶしんのとうぎじょう	地名
群青空域	ぐんじょうくういき	地名
シンギュラリティ・リアクター	しんぎゅらりてぃ・りあくたー	地名
コンテイメントベイS1T7	こんていめんとべいえすわんてぃーせぶん	地名
コンテイメントベイP1T6	こんていめんとべいぴーわんてぃーしっくす	地名
コンテイメントベイZ1T9	こんていめんとべいぜっとわんてぃーないん	地名
コンテイメントベイ	こんていめんとべい	地名
クリスタルタワー	くりすたるたわー	地名
クリタワ	くりたわ	地名
古代の民の迷宮	こだいのたみのめいきゅう	地名
シルクスの塔	しるくすのとう	地名
シルクス	しるくす	地名
闇の世界	やみのせかい	地名
メテオ探査坑浅部	めておたんさこうせんぶ	地名
メテオ探査坑深部	めておたんさこうしんぶ	地名
ラグナロク級拘束艦	らぐなろくきゅうこうそくかん	地名
稼働隔壁	かどうかくへき	地名
中枢区画	ちゅうすうくかく	地名
メテオの陰地	めておのいんち	地名
バインディングコイル	ばいんでぃんぐこいる	地名
ラグナロク級三番艦	らぐなろくきゅうさんばんかん	地名
ラグナロク級六番艦	らぐなろくきゅうろくばんかん	地名
バハムートコア	ばはむーとこあ	地名
魔航船ヴォイドアーク	まこうせんう゛ぉいどあーく	地名
ヴォイドアーク	う゛ぉいどあーく	地名
禁忌都市マハ	きんきとしまは	地名
マハ	まは	地名
影の国ダン・スカー	かげのくにだんすかー	地名
ダン・スカー	だんすかー	地名
フィスト・オブ・ゴルディオス	ふぃすとおぶごるでぃおす	地名
カフ・オブ・ゴルディオス	かふおぶごるでぃおす	地名
アーム・オブ・ゴルディオス	あーむおぶごるでぃおす	地名
バーデン・オブ・ゴルディオス	ばーでんおぶごるでぃおす	地名
フィスト・オブ・ミダース	ふぃすとおぶみだーす	地名
カフ・オブ・ミダース	かふおぶみだーす	地名
アーム・オブ・ミダース	あーむおぶみだーす	地名
バーデン・オブ・ミダース	ばーでんおぶみだーす	地名
アイズ・オブ・アレキサンダー	あいずおぶあれきさんだー	地名
ブレス・オブ・アレキサンダー	ぶれすおぶあれきさんだー	地名
ハート・オブ・アレキサンダー	はーとおぶあれきさんだー	地名
ソウル・オブ・アレキサンダー	そうるおぶあれきさんだー	地名
フィールド・オブ・グローリー	ふぃーるどおぶぐろーりー	地名
シールロック	しーるろっく	地名
カルテノー平原	かるてのーへいげん	地名
ラールガーズリーチ	らーるがーずりーち	地名
紅玉海	こうぎょくかい	地名
ヤンサ	やんさ	地名
カストルム・オリエンス	かすとるむおりえんす	地名
ピーリング・ストーンズ	ぴーりんぐすとーんず	地名
アラガーナ	あらがーな	地名
アラギリ	あらぎり	地名
ポルタ・プレトリア	ぽるたぷれとりあ	地名
アラミガン・クォーター	あらみがんくぉーたー	地名
碧のタマミズ	あおのたまみず	地名
オノコロ島	おのころとう	地名
再会の市	さいかいのいち	地名
明けの玉座	あけのぎょくざ	地名
ドーロ・イロー	どーろいろー	地名
ナマイ村	なまいむら	地名
烈士庵	れっしあん	地名
シロガネ	しろがね	地名
潮風亭	しおかぜてい	地名
ウミネコ茶屋	うみねこちゃや	地名
転魂塔広場	てんこんとうひろば	地名
楽座街	らくざがい	地名
松葉門	まつばもん	地名
望海楼	ぼうかいろう	地名
赤誠組屯所	せきせいぐみとんしょ	地名
異人街	いじんがい	地名
第一波止場	だいいちはとば	地名
第二波止場	だいにはとば	地名
小波止場	しょうはとば	地名
御船蔵	おふなくら	地名
小金通り	こがねどおり	地名
醴泉神社	れいせんじんじゃ	地名
星導山寺院	せいどうざんじいん	地名
スカラ	すから	地名
獄之蓋	ごくのふた	地名
ガンエン廟	がんえんびょう	地名
セイレーン海	せいれーんかい	地名
紫水宮	しすいきゅう	地名
バルダム覇道	ばるだむはどう	地名
バルダム	ばるだむ	地名
ドマ城	どまじょう	地名
カストルム・アバニア	かすとるむあばにあ	地名
宝物殿	ほうもつでん	地名
美神の地下神殿	びしんのちかしんでん	地名
アラミゴ王立飛空艇発着場	あらみごおうりつひくうていはっちゃくじょう	地名
白帝の竹林	はくていのちくりん	地名
カストルム・フルーミニス	かすとるむふるーみにす	地名
大草原の狩場	だいそうげんのかりば	地名
ラバナスタ	らばなすた	地名
リドルアナ	りどるあな	地名
禁絶幻想	きんぜつげんそう	地名
大迷宮バハムート	だいめいきゅうばはむーと	地名
次元の狭間	じげんのはざま	地名
アストラガロス	あすとらがろす	地名
外縁遺跡群	がいえんいせきぐん	地名
イーストエンド混交林	いーすとえんどこんこうりん	地名
ベロジナ川	べろじながわ	地名
ストライプヒルズ	すとらいぷひるず	地名
ギルケヒム僧園	ぎるけひむそうえん	地名
スキズム開山堂	すきずむかいざんどう	地名
カステッルム・コルヴィ	かすてっるむこるう゛ぃ	地名
カステッルム・ベロジナ	かすてっるむべろじな	地名
ヴィルジャラの涸れ谷	う゛ぃるじゃらのかれだに	地名
ウィルラ・ニリヤ	うぃるらにりや	地名
カリヤナ・ニリヤ	かりやなにりや	地名
グディ・マガ	ぐでぃまが	地名
ジャナン・カット	じゃなんかっと	地名
ヤーンの大穴	やーんのおおあな	地名
ラストフォレスト	らすとふぉれすと	地名
赤のジグラート	あかのじぐらーと	地名
ラストロック	らすとろっく	地名
ワイトロック	わいとろっく	地名
マウントヨーン	まうんとよーん	地名
ニュンクレフの箱船	にゅんくれふのはこぶね	地名
スペキュラ・インペラトリス	すぺきゅらいんぺらとりす	地名
ラジアタ	らじあた	地名
コールドハース	こーるどはーす	地名
ハイバンク	はいばんく	地名
王の狩場	おうのかりば	地名
ロッホ・セル湖	ろっほせるこ	地名
アバラシアズスカル	あばらしあずすかる	地名
女王の庭	じょうおうのにわ	地名
ソルトリー	そるとりー	地名
サカズキ島	さかずきとう	地名
蒼玉海溝	そうぎょくかいこう	地名
アドヴェンチャー号	あどう゛ぇんちゃーごう	地名
螺旋海峡	らせんかいきょう	地名
スイの里	すいのさと	地名
ゼッキ島	ぜっきとう	地名
イサリ村	いさりむら	地名
アメノミハシラ	あめのみはしら	地名
沖之岩	おきのいわ	地名
ベッコウ島	べっこうとう	地名
無二江	むにこう	地名
ユヅカ代官屋敷	ゆづかだいかんやしき	地名
七彩渓谷	しちさいけいこく	地名
七彩溝	しちさいこう	地名
アオサギ滝	あおさぎたき	地名
アオサギ川	あおさぎがわ	地名
刃の海	やいばのうみ	地名
オンサル・ハカイル	おんさるはかいる	地名
モル・イロー	もるいろー	地名
ドタール・カー	どたーるかー	地名
チャカ・ゾー	ちゃかぞー	地名
キオルエン	きおるえん	地名
ウヤギルの古巣穴	うやぎるのふるすあな	地名
風止めの大岩	かぜとめのおおいわ	地名
ナーマ砂漠	なーまさばく	地名
アジム・カート	あじむかーと	地名
エウレカ	えうれか	地名
アクアポリス	あくあぽりす	地名
ウズネアカナル	うずねあかなる	地名
ディアデム諸島	でぃあでむしょとう	地名
ノルヴラント	のるう゛らんと	地名
クリスタリウム	くりすたりうむ	地名
エクセドラ大広場	えくせどらおおひろば	地名
ドッサル大門	どっさるだいもん	地名
星見の間	ほしみのま	地名
バリスティクス造兵館	ばりすてぃくすぞうへいかん	地名
ミーン工芸館	みーんこうげいかん	地名
スパジャイリクス医療館	すぱじゃいりくすいりょうかん	地名
天蓋の座	てんがいのざ	地名
博物陳列館	はくぶつちんれつかん	地名
自由弁論館	じゆうべんろんかん	地名
三学科の座	さんがくかのざ	地名
ホルトリウム園芸館	ほるとりうむえんげいかん	地名
テメノスルカリー牧場	てめのするかりーぼくじょう	地名
円蓋の座	えんげいのざ	地名
テセレーション鉄橋	てせれーしょんてっきょう	地名
カテナリー居住館	かてなりーきょじゅうかん	地名
ペンダント居住館	ぺんだんときょじゅうかん	地名
ムジカ・ユニバーサリス	むじかゆにばーさりす	地名
彷徨う階段亭	さまようかいだんてい	地名
スウィートシーヴ果樹園	すうぃーとしーう゛かじゅえん	地名
ギャングウェイ	ぎゃんぐうぇい	地名
四学科の座	しがくかのざ	地名
レイクランド	れいくらんど	地名
水晶公の門	すいしょうこうのもん	地名
千の山々	せんのやまやま	地名
従者の門	じゅうしゃのもん	地名
岩の橋	いわのはし	地名
帯の道	おびのみち	地名
狭間の空き地	はざまのあきち	地名
ウィード島	うぃーどとう	地名
ブリック島	ぶりっくとう	地名
ノット島	のっととう	地名
ラップ島	らっぷとう	地名
サレン郷	されんきょう	地名
ケンの島	けんのしま	地名
始まりの湖	はじまりのみずうみ	地名
渇き知らずの浜	かわきしらずのはま	地名
迷える羊飼いの森	まよえるひつじかいのもり	地名
ラディスカ物見塔	らでぃすかものみとう	地名
ラクサン城	らくさんじょう	地名
三再誕の広間	さんさいたんのひろま	地名
首吊り塔	くびつりとう	地名
風化した大地	ふうかしただいち	地名
穢れなき証	けがれなきあかし	地名
ジョッブ砦	じょっぶとりで	地名
光耀教会	こうようきょうかい	地名
北の集結地	きたのしゅうけつち	地名
ダンプソール桟橋	だんぷそーるさんばし	地名
責苦の監獄	せめくのかんごく	地名
錆びついた鉄鎖	さびついたてっさ	地名
オスタル厳命城	おすたるげんめいじょう	地名
影狼の屋敷	かげろうのやしき	地名
留めの堡塁	とどめのほるい	地名
クリアメルト	くりあめると	地名
巨人の兎小屋	きょじんのうさぎごや	地名
イル・メグ	いるめぐ	地名
ティム・グース	てぃむぐーす	地名
リダ・ラーン	りだらーん	地名
花侯爵の凱旋路	はなこうしゃくのがいせんろ	地名
フィソー・ラーン	ふぃそーらーん	地名
姿見の湖	すがたみのみずうみ	地名
羊毛街道	ようもうかいどう	地名
手鏡の湖	てかがみのみずうみ	地名
魚たちの街	さかなたちのまち	地名
篤学者の荘園	とくがくしゃのそうえん	地名
ジェナーナ峠	じぇなーなとうげ	地名
水没した教会	すいぼつしたきょうかい	地名
プラ・エンニ茸窟	ぷらえんにじょうくつ	地名
ヴォレクドルフ	う゛ぉれくどるふ	地名
ダメルン巡礼教会跡	だめるんじゅんれいきょうかいあと	地名
フッブーテンブルク	ふっぶーてんぶるく	地名
六つ子の浅瀬	むつごのあさせ	地名
コラード菌床	こらーどきんしょう	地名
無言の崖	むごんのがけ	地名
ミサ・グロリアンダ	みさぐろりあんだ	地名
エアラ登城橋	えあらとうじょうばし	地名
リェー・ギア城	りぇーぎあじょう	地名
リェー・ギア	りぇーぎあ	地名
聖ファスリクの額	せいふぁすりくのひたい	地名
アンデンの羊小屋	あんでんのひつじごや	地名
ジズム・ラーン	じずむらーん	地名
コルシア島	こるしあとう	地名
コルシア	こるしあ	地名
クラックシェル海岸	くらっくしぇるかいがん	地名
スティルタイド	すてぃるたいど	地名
穴あき小舟亭	あなあきこふねてい	地名
ブライトクリフ	ぶらいとくりふ	地名
ガバナーの畑	がばなーのはたけ	地名
グリーリースタイズ	ぐりーりーすたいず	地名
グリーリーブリッジ	ぐりーりーぶりっじ	地名
ホワイトオイルフォールズ	ほわいとおいるふぉーるず	地名
サザンクロッシング	さざんくろっしんぐ	地名
ワッツリバー	わっつりばー	地名
チゼルの岩門	ちぜるのいわもん	地名
偏屈者の小屋	へんくつしゃのこや	地名
シャープタンの泉	しゃーぷたんのいずみ	地名
スローロード	すろーろーど	地名
ゲートタウン	げーとたうん	地名
ホエール岬	ほえーるみさき	地名
歓迎の門	かんげいのもん	地名
クレイヴ灯台	くれいう゛とうだい	地名
ライト村	らいとむら	地名
ストーンゲイザー	すとーんげいざー	地名
シーゲイザー	しーげいざー	地名
シャドウ・フォールト	しゃどうふぉーると	地名
ボトムラング	ぼとむらんぐ	地名
ラダー大昇降機	らだーだいしょうこうき	地名
ヴェンモント造船所	う゛ぇんもんとぞうせんじょ	地名
スプリットハル岬	すぷりっとはるみさき	地名
ワックスシール牧場	わっくすしーるぼくじょう	地名
ウィスパーウィンド入江	うぃすぱーうぃんどいりえ	地名
バローアイル	ばろーあいる	地名
娘たちの舞踏場	むすめたちのぶとうじょう	地名
トップラング	とっぷらんぐ	地名
クイックウェイ	くいっくうぇい	地名
アミティー	あみてぃー	地名
スクリー山地	すくりーさんち	地名
八号坑口	はちごうこうこう	地名
トメラの村	とめらのむら	地名
トメラ	とめら	地名
長老たちの集会所	ちょうろうたちのしゅうかいじょ	地名
ブルーブリッジ	ぶるーぶりっじ	地名
ボイルドアウルブリッジ	ぼいるどあうるぶりっじ	地名
ドヴェルガル山脈	どう゛ぇるがるさんみゃく	地名
ドヴェルグの煙突	どう゛ぇるぐのえんとつ	地名
呑んべぇの館	のんべぇのやかた	地名
コメラの村	こめらのむら	地名
コメラ	こめら	地名
ドワーフの洞窟	どわーふのどうくつ	地名
アム・アレーン	あむあれーん	地名
カスール・シャル	かすーるしゃる	地名
隊商の野営地	たいしょうのやえいち	地名
砂の川	すなのかわ	地名
シムーンの背骨	しむーんのせぼね	地名
眼の塔	めのとう	地名
鼻の塔	はなのとう	地名
髭の塔	ひげのとう	地名
アンバーフィールド	あんばーふぃーるど	地名
帽子の塔	ぼうしのとう	地名
モルド・スーク	もるどすーく	地名
手の風車	てのかざぐるま	地名
足の風車	あしのかざぐるま	地名
尻尾の道	しっぽのみち	地名
旅立ちの宿	たびだちのやど	地名
物見櫓	ものみやぐら	地名
ナバースの断絶	なばーすのだんぜつ	地名
ガリク村	がりくむら	地名
アンバーヒル	あんばーひる	地名
ビラン大鉱山	びらんだいこうざん	地名
トゥワイン	とぅわいん	地名
ケルク遺跡	けるくいせき	地名
ヌベイ旧鉱山	ぬべいきゅうこうざん	地名
水の駅	みずのみち	地名
アム・マリク新宮殿	あむまりくしんきゅうでん	地名
廃都ナバスアレン	はいとなばすあれん	地名
ナバスアレン	なばすあれん	地名
無の大地	むのだいち	地名
ラケティカ大森林	らけてぃかだいしんりん	地名
ラケティカ	らけてぃか	地名
シチュア湿地	しちゅあしっち	地名
トゥシ・メキタ湖	とぅしめきたこ	地名
ダイヤーズウォッシュ	だいやーずうぉっしゅ	地名
ゴーンの砦	ごーんのとりで	地名
絡み根の林	からみねのはやし	地名
割れた宝卵	われたほうらん	地名
ダワトリ溺没神殿	だわとりできぼつしんでん	地名
水蛇の宝卵	すいじゃのほうらん	地名
岩兵の瞑目	がんぺいのめいもく	地名
血の酒杯	ちのさかはい	地名
ウォーヴンオウス	うぉーう゛んおうす	地名
アースタディアの胎	あーすたでぃあのたい	地名
ロツァトル大階段	ろつぁとるだいかいだん	地名
書記者の樹洞	しょきしゃのじゅどう	地名
ロツァトル川	ろつぁとるがわ	地名
ロツァトル	ろつぁとる	地名
スリザーバウ	すりざーばう	地名
至暗所	しあんじょ	地名
ワイルドガーデン	わいるどがーでん	地名
ミュリルの郷愁	みゅりるのきょうしゅう	地名
射手の露宿	しゃしゅのろしゅく	地名
ファノヴの里	ふぁのう゛のさと	地名
弓の枝島	ゆみのえだじま	地名
姉妹の隠れ島	しまいのかくれじま	地名
午睡の東屋	ごすいのあずまや	地名
オキス・ダランの深淵	おきすだらんのしんえん	地名
婿の枝島	むこのえだじま	地名
四つの明星	よっつのみょうじょう	地名
ガトル神	がとるしん	地名
ロックワ神	ろっくわしん	地名
チャール神	ちゃーるしん	地名
アンパ神	あんぱしん	地名
ムル	むる	地名
ユキス・ネル	ゆきすねる	地名
クムル星遺跡群	くむるせいいせきぐん	地名
大トゥパサの崇神所	だいとぅぱさのすうじんじょ	地名
テンペスト	てんぺすと	地名
ノルヴラント大陸斜面	のるう゛らんとたいりくしゃめん	地名
主なき遺構	あるじなきいこう	地名
陸人の墓標	りくびとのぼひょう	地名
オンドの湖溜まり	おんどのこだまり	地名
パールの砂壺	ぱーるのすなつぼ	地名
トリンキュローの岩棚	とりんきゅろーのいわだな	地名
フラウンダーの穴蔵	ふらうんだーのあなぐら	地名
キャリバンの古巣穴	きゃりばんのふるすあな	地名
奇人のアトリエ	きじんのあとりえ	地名
呑まれた天楼	のまれたてんろう	地名
キャリバン海底谷	きゃりばんかいていだに	地名
アコラの塔	あこらのとう	地名
プルプラ洞	ぷるぷらどう	地名
マカレンサス広場	まかれんさすひろば	地名
人民管理局	じんみんかんりきょく	地名
創造物管理局	そうぞうぶつかんりきょく	地名
ポリルリタ官庁街	ぽりるりたかんちょうがい	地名
人民弁論館	じんみんべんろんかん	地名
人民事務局	じんみんじむきょく	地名
カピトル議事堂	かぴとるぎじどう	地名
ホルミンスター	ほるみんすたー	地名
ドォーヌ・メグ	どぉーぬめぐ	地名
キタンナ神影洞	きたんなしんえいどう	地名
キタンナ	きたんな	地名
マリカの大井戸	まりかのおおいど	地名
マリカ	まりか	地名
グルグ火山	ぐるぐかざん	地名
グルグ	ぐるぐ	地名
アーモロート	あーもろーと	地名
シルクス・ツイニング	しるくすついにんぐ	地名
アナイダアカデミア	あないだあかでみあ	地名
グラン・コスモス	ぐらんこすもす	地名
イマキュレートクラウン	いまきゅれーとくらうん	地名
妖精王の舞踏場	ようせいおうのぶとうじょう	地名
終末のアーモロート	しゅうまつのあーもろーと	地名
複製サレタ工場廃墟	ふくせいされたこうじょうはいきょ	地名
エデンコア	えでんこあ	地名
エデン甲板	えでんかんぱん	地名
ネレウス海淵	ねれうすかいえん	地名
アトラス山頂	あとらすさんちょう	地名
階差閉宇宙	かいさへいうちゅう	地名
ザ・バーン	ざばーん	地名
ギムリトダーク	ぎむりとだーく	地名
獄之底	ごくのそこ	地名
蛇神大社	へびがみたいしゃ	地名
被検世界	ひけんせかい	地名
ファストブレード	ふぁすとぶれーど	固有名詞
ランパート	らんぱーと	固有名詞
サベッジブレード	さべっじぶれーど	固有名詞
サベッジ	さべっじ	固有名詞
ファイト・オア・フライト	ふぁいとおあふらいと	固有名詞
フラッシュ	ふらっしゅ	固有名詞
コンバレセンス	こんばれせんす	固有名詞
コンバレ	こんばれ	固有名詞
ライオットソード	らいおっとそーど	固有名詞
シールドロブ	しーるどろぶ	固有名詞
シールドバッシュ	しーるどばっしゅ	固有名詞
挑発	ちょうはつ	固有名詞
レイジ・オブ・ハルオーネ	れいじおぶはるおーね	固有名詞
ハルオ	はるお	固有名詞
シールドスワイプ	しーるどすわいぷ	固有名詞
忠義の剣	ちゅうぎのけん	固有名詞
アウェアネス	あうぇあねす	固有名詞
センチネル	せんちねる	固有名詞
忠義の盾	ちゅうぎのたて	固有名詞
鋼の意志	はがねのいし	固有名詞
スピリッツウィズイン	すぴりっつうぃずいん	固有名詞
ブルワーク	ぶるわーく	固有名詞
サークル・オブ・ドゥーム	さーくるおぶどぅーむ	固有名詞
ドゥーム	どぅーむ	固有名詞
インビンシブル	いんびんしぶる	固有名詞
シェルトロン	しぇるとろん	固有名詞
ゴアブレード	ごあぶれーど	固有名詞
ディバインヴェール	でぃう゛ぁいんう゛ぇーる	固有名詞
クレメンシー	くれめんしー	固有名詞
ロイヤルアソリティ	ろいやるあそりてぃ	固有名詞
連撃	れんげき	固有名詞
正拳突き	せいけんづき	固有名詞
フェザーステップ	ふぇざーすてっぷ	固有名詞
崩拳	ぽんけん	固有名詞
内丹	ないたん	固有名詞
カウンター	かうんたー	固有名詞
発勁	はっけい	固有名詞
秘孔拳	ひこうけん	固有名詞
双掌打	そうしょうだ	固有名詞
金剛の構え	こんごうのかまえ	固有名詞
壊神衝	かいしんしょう	固有名詞
破砕拳	はさいけん	固有名詞
地烈斬	ちれつざん	固有名詞
疾風の構え	しっぷうのかまえ	固有名詞
羅刹衝	らせつしょう	固有名詞
鉄山靠	てつざんこう	固有名詞
紅蓮の構え	ぐれんのかまえ	固有名詞
マントラ	まんとら	固有名詞
短勁	たんけい	固有名詞
空鳴拳	くうめいけん	固有名詞
踏鳴	ふみなり	固有名詞
双竜脚	そうりゅうきゃく	固有名詞
演舞	えんぶ	固有名詞
闘気	とうき	固有名詞
陰陽闘気斬	おんみょうとうきざん	固有名詞
蒼気砲	そうきほう	固有名詞
気孔術	きこうじゅつ	固有名詞
闘魂旋風脚	とうこんせんぷうきゃく	固有名詞
ヘヴィスウィング	へう゛ぃすうぃんぐ	固有名詞
フォーサイト	ふぉーさいと	固有名詞
スカルサンダー	すかるさんだー	固有名詞
フラクチャー	ふらくちゃー	固有名詞
ブラッドバス	ぶらっどばす	固有名詞
ブルータルスウィング	ぶるーたるすうぃんぐ	固有名詞
ブルータル	ぶるーたる	固有名詞
オーバーパワー	おーばーぱわー	固有名詞
オバパ	おばぱ	固有名詞
トマホーク	とまほーく	固有名詞
メイム	めいむ	固有名詞
バーサク	ばーさく	固有名詞
マーシーストローク	まーしーすとろーく	固有名詞
ボーラアクス	ぼーらあくす	固有名詞
ボーラ	ぼーら	固有名詞
ディフェンダー	でぃふぇんだー	固有名詞
スリル・オブ・バトル	すりるおぶばとる	固有名詞
原初の魂	げんしょのたましい	固有名詞
シュトルムヴィント	しゅとるむう゛ぃんと	固有名詞
ヴィント	う゛ぃんと	固有名詞
アンチェインド	あんちぇいんど	固有名詞
アンチェ	あんちぇ	固有名詞
ホルムギャング	ほるむぎゃんぐ	固有名詞
ホルム	ほるむ	固有名詞
スチールサイクロン	すちーるさいくろん	固有名詞
スチサイ	すちさい	固有名詞
ヴェンジェンス	う゛ぇんじぇんす	固有名詞
シュトルムブレハ	しゅとるむぶれは	固有名詞
ブレハ	ぶれは	固有名詞
ウォークライ	うぉーくらい	固有名詞
デストロイヤー	ですとろいやー	固有名詞
デスト	ですと	固有名詞
フェルクリーヴ	ふぇるくりーう゛	固有名詞
フェルクリ	ふぇるくり	固有名詞
原初の直感	げんしょのちょっかん	固有名詞
エクリブリウム	えくりぶりうむ	固有名詞
エクリ	えくり	固有名詞
デシメート	でしめーと	固有名詞
トゥルースラスト	とぅるーすらすと	固有名詞
フェイント	ふぇいんと	固有名詞
ボーパルスラスト	ぼーぱるすらすと	固有名詞
ボーパル	ぼーぱるすらすと	固有名詞
キーンフラーリ	きーんふらーり	固有名詞
キンフラ	きんふら	固有名詞
インパルスドライヴ	いんぱるすどらいう゛	固有名詞
足払い	あしばらい	固有名詞
ヘヴィスラスト	へう゛ぃすらすと	固有名詞
ピアシングタロン	ぴあしんぐたろん	固有名詞
ライフサージ	らいふさーじ	固有名詞
気合	きあい	固有名詞
フルスラスト	ふるすらすと	固有名詞
フルスラ	ふるすら	固有名詞
二段突き	にだんづき	固有名詞
ジャンプ	じゃんぷ	固有名詞
捨身	すてみ	固有名詞
イルーシブジャンプ	いるーしぶじゃんぷ	固有名詞
イルーシブ	いるーしぶ	固有名詞
ディセムボウル	でぃせむぼうる	固有名詞
ディセム	でぃせむ	固有名詞
スパインダイブ	すぱいんだいぶ	固有名詞
スパイン	すぱいん	固有名詞
ドゥームスパイク	どぅーむすぱいく	固有名詞
竜槍	りゅうそう	固有名詞
リング・オブ・ソーン	りんぐおぶそーん	固有名詞
桜華狂咲	おうかきょうしょう	固有名詞
ドラゴンダイブ	どらごんだいぶ	固有名詞
バトルリタニー	ばとるりたにー	固有名詞
リタニー	りたにー	固有名詞
蒼の竜血	あおのりゅうけつ	固有名詞
竜血	りゅうけつ	固有名詞
竜牙竜爪	りゅうがりゅうそう	固有名詞
竜尾大車輪	りゅうびだいしゃりん	固有名詞
ゲイルスコグル	げいるすこぐる	固有名詞
ヘヴィショット	へう゛ぃしょっと	固有名詞
ストレートショット	すとれーとしょっと	固有名詞
猛者の撃	もさのげき	固有名詞
ベノムバイト	べのむばいと	固有名詞
ベノム	べのむ	固有名詞
ミザリーエンド	みざりーえんど	固有名詞
ミザリー	みざりー	固有名詞
影縫い	かげぬい	固有名詞
ブラッドレッター	ぶらっどれったー	固有名詞
レッター	れったー	固有名詞
リペリングショット	りぺりんぐしょっと	固有名詞
クイックノック	くいっくのっく	固有名詞
スウィフトソング	すうぃふとそんぐ	固有名詞
ホークアイ	ほーくあい	固有名詞
ウィンドバイト	うぃんどばいと	固有名詞
賢人のバラード	けんじんのばらーど	固有名詞
賢人	けんじん	固有名詞
静者の撃	せいじゃのげき	固有名詞
魔人のレクイエム	まじんのれくいえむ	固有名詞
魔人	まじん	固有名詞
レク	れく	固有名詞
乱れ撃ち	みだれうち	固有名詞
軍神のパイオン	ぐんしんのぱいおん	固有名詞
パイオン	ぱいおん	固有名詞
ブラントアロー	ぶらんとあろー	固有名詞
レイン・オブ・デス	れいんおぶです	固有名詞
フレイミングアロー	ふれいみんぐあろー	固有名詞
フレイミング	ふれいみんぐ	固有名詞
ワイドボレー	わいどぼれー	固有名詞
バトルボイス	ばとるぼいす	固有名詞
旅神のメヌエット	りょしんのめぬえっと	固有名詞
エンピリアルアロー	えんぴりあるあろー	固有名詞
エンピ	えんぴ	固有名詞
時神のピーアン	じしんのぴーあん	固有名詞
ピーアン	ぴーあん	固有名詞
サイドワインダー	さいどわいんだー	固有名詞
双刃旋	そうじんせん	固有名詞
残影	ざんえい	固有名詞
風断ち	かぜだち	固有名詞
蜂毒	はちどく	固有名詞
無双旋	むそうせん	固有名詞
終撃	しゅうげき	固有名詞
投刃	とうじん	固有名詞
叱咤	しった	固有名詞
不意打ち	ふいうち	固有名詞
旋風刃	せんぷうじん	固有名詞
蛇毒	へびどく	固有名詞
天の印	てんのしるし	固有名詞
忍術	にじゅつ	固有名詞
喉斬り	のどきり	固有名詞
地の印	ちのいん	固有名詞
舞踏刃	ぶとうじん	固有名詞
縮地	しゅくち	固有名詞
血花五月雨	けっかさみだれ	固有名詞
人の印	じんのいん	固有名詞
影牙	えいが	固有名詞
だまし討ち	だましうち	固有名詞
活殺自在	かっさつじざい	固有名詞
煙玉	けむりだま	固有名詞
強甲破点突	きょうこうはてんづき	固有名詞
影渡	かげわたり	固有名詞
一双	いっそう	固有名詞
夢幻三段	むげんさんだん	固有名詞
ストーン	すとーん	固有名詞
ケアル	けある	固有名詞
エアロ	えあろ	固有名詞
クルセードスタンス	くるせーどすたんす	固有名詞
クルセ	くるせ	固有名詞
プロテス	ぷろてす	固有名詞
メディカ	めでぃか	固有名詞
レイズ	れいず	固有名詞
アクアオーラ	あくあおーら	固有名詞
エスナ	えすな	固有名詞
ストンラ	すとんら	固有名詞
リポーズ	りぽーず	固有名詞
ケアルラ	けあるら	固有名詞
神速魔	しんそくま	固有名詞
ストンスキン	すとんすきん	固有名詞
リジェネ	りじぇね	固有名詞
女神の加護	めがみのかご	固有名詞
ディヴァインシール	でぃう゛ぁいんしーる	固有名詞
ケアルガ	けあるが	固有名詞
ホーリー	ほーりー	固有名詞
エアロラ	えあろら	固有名詞
メディカラ	めでぃから	固有名詞
ベネディクション	べねでぃくしょん	固有名詞
ベネ	べね	固有名詞
ストンラスキン	すとんらすきん	固有名詞
アサイラム	あさいらむ	固有名詞
ストンガ	すとんが	固有名詞
アサイズ	あさいず	固有名詞
エアロガ	えあろが	固有名詞
テトラグラマトン	てとらぐらまとん	固有名詞
テトラ	てとら	固有名詞
ブリザド	ぶりざど	固有名詞
ファイア	ふぁいあ	固有名詞
トランス	とらんす	固有名詞
サンダー	さんだー	固有名詞
堅実魔	けんじつま	固有名詞
スリプル	すりぷる	固有名詞
ブリザラ	ぶりざら	固有名詞
コラプス	こらぷす	固有名詞
ファイラ	ふぁいら	固有名詞
サンダラ	さんだら	固有名詞
迅速魔	じんそくま	固有名詞
マバリア	まばりあ	固有名詞
コンバート	こんばーと	固有名詞
ファイガ	ふぁいが	固有名詞
フリーズ	ふりーず	固有名詞
ブリザガ	ぶりざが	固有名詞
アポカタスタシス	あぽかたすたしす	固有名詞
レサージー	れさーじー	固有名詞
ウォール	うぉーる	固有名詞
サンダガ	さんだが	固有名詞
エーテリアルステップ	えーてりあるすてっぷ	固有名詞
フレア	ふれあ	固有名詞
黒魔紋	くろまもん	固有名詞
魔紋	まもん	固有名詞
激成魔	げきせいま	固有名詞
エノキアン	えのきあん	固有名詞
ブリザジャ	ぶりざじゃ	固有名詞
ファイジャ	ふぁいじゃ	固有名詞
ルイン	るいん	固有名詞
バイオ	ばいお	固有名詞
サモン	さもん	固有名詞
フィジク	ふぃじく	固有名詞
エーテルフロー	えーてるふろー	固有名詞
エナジードレイン	えなじーどれいん	固有名詞
ミアズマ	みあずま	固有名詞
ウイルス	ういるす	固有名詞
サステイン	さすていん	固有名詞
リザレク	りざれく	固有名詞
バイオラ	ばいおら	固有名詞
ベイン	べいん	固有名詞
アイ・フォー・アイ	あいふぉーあい	固有名詞
ミアズマバースト	みあずまばーすと	固有名詞
ルインラ	るいんら	固有名詞
トライバインド	とらいばいんど	固有名詞
ラウズ	らうず	固有名詞
スパー	すぱー	固有名詞
ミアズラ	みあずら	固有名詞
シャドウフレア	しゃどうふれあ	固有名詞
エンキンドル	えんきんどる	固有名詞
ペインフレア	ぺいんふれあ	固有名詞
ルインガ	るいんが	固有名詞
トライディザスター	とらいでぃざすたー	固有名詞
トランス・バハムート	とらんすばはむーと	固有名詞
デスフレア	ですふれあ	固有名詞
ガスト	がすと	固有名詞
ダウンバースト	だうんばーすと	固有名詞
エメラルドの輝き	えめらるどのかがやき	固有名詞
トパーズの輝き	とぱーずのかがやき	固有名詞
体当たり	たいあたり	固有名詞
クリムゾンサイクロン	くりむぞんさいくろん	固有名詞
バーニングストライク	ばーにんぐすとらいく	固有名詞
光輝の盾	こうきのたて	固有名詞
フレイミングクラッシュ	ふれいみんぐくらっしゅ	固有名詞
ロックバスター	ろっくばすたー	固有名詞
マウンテンバスター	まうんてんばすたー	固有名詞
大地の守り	だいちのまもり	固有名詞
ランドスライド	らんどすらいど	固有名詞
ウィンドブレード	うぃんどぶれーど	固有名詞
ショックウェーブ	しょっくうぇーぶ	固有名詞
エリアルスラッシュ	えりあるすらっしゅ	固有名詞
コンテージョン	こんてーじょん	固有名詞
鼓舞激励の策	こぶげきれいのさく	固有名詞
鼓舞	こぶ	固有名詞
士気高揚の策	しきこうようのさく	固有名詞
士気	しき	固有名詞
生命浄化法	せいめいじょうかほう	固有名詞
野戦治療の陣	やせんちりょうのじん	固有名詞
生命活性法	せいめいかっせいほう	固有名詞
不撓不屈の策	ふとうふくつのさく	固有名詞
気炎法	きえんほう	固有名詞
展開戦術	てんかいせんじゅつ	固有名詞
応急戦術	おうきゅうせんじゅつ	固有名詞
転化	てんか	固有名詞
ハードスラッシュ	はーどすらっしゅ	固有名詞
シャドウスキン	しゃどうすきん	固有名詞
スピンスラッシュ	すぴんすらっしゅ	固有名詞
スカージ	すかーじ	固有名詞
アンリーシュ	あんりーしゅ	固有名詞
ロウブロウ	ろうぶろう	固有名詞
サイフォンストライク	さいふぉんすとらいく	固有名詞
アンメンド	あんめんど	固有名詞
ブラッドウェポン	ぶらっどうぇぽん	固有名詞
リプライザル	りぷらいざる	固有名詞
パワースラッシュ	ぱわーすらっしゅ	固有名詞
パワスラ	ぱわすら	固有名詞
暗黒	あんこく	固有名詞
グリットスタンス	ぐりっとすたんす	固有名詞
ダークダンス	だーくだんす	固有名詞
ブラッドプライス	ぶらっどぷらいす	固有名詞
ソウルイーター	そうるいーたー	固有名詞
ダークパッセンジャー	だーくぱっせんじゃー	固有名詞
ダークマインド	だーくまいんど	固有名詞
ダークアーツ	だーくあーつ	固有名詞
シャドウウォール	しゃどううぉーる	固有名詞
デリリアムブレード	でりりあむぶれーど	固有名詞
リビングデッド	りびんぐでっど	固有名詞
ソルトアース	そるとあーす	固有名詞
プランジカット	ぷらんじかっと	固有名詞
アビサルドレイン	あびさるどれいん	固有名詞
ソウルサバイバー	そうるさばいばー	固有名詞
カーヴ・アンド・スピット	かーぶあんどすぴっと	固有名詞
スプリットショット	すぷりっとしょっと	固有名詞
スラッグショット	すらっぐしょっと	固有名詞
リロード	りろーど	固有名詞
レッドショット	れっどしょっと	固有名詞
ハートブレイク	はーとぶれいく	固有名詞
レッググレイズ	れっぐぐれいず	固有名詞
整備	せいび	固有名詞
ブランク	ぶらんく	固有名詞
スプレッドショット	すぷれっどしょっと	固有名詞
フットグレイズ	ふっとぐれいず	固有名詞
クイックリロード	くいっくりろーど	固有名詞
ホットショット	ほっとしょっと	固有名詞
ラピッドファイア	らぴっどふぁいあ	固有名詞
ヘッドグレイズ	へっどぐれいず	固有名詞
クリーンショット	くりーんしょっと	固有名詞
ワイルドファイア	わいるどふぁいあ	固有名詞
ワイファイ	わいふぁい	固有名詞
オートタレット	おーとたれっと	固有名詞
タレット	たれっと	固有名詞
プロモーション	ぷろもーしょん	固有名詞
サプレッシブファイア	さぷれっしぶふぁいあ	固有名詞
グレナードショット	ぐれなーどしょっと	固有名詞
ウェポンブレイク	うぇぽんぶれいく	固有名詞
ガウスバレル	がうすばれる	固有名詞
ガウスラウンド	がうすらうんど	固有名詞
マインドブレイク	まいんどぶれいく	固有名詞
ハイパーチャージ	はいぱーちゃーじ	固有名詞
リコシェット	りこしぇっと	固有名詞
マレフィク	まれふぃく	固有名詞
ベネフィク	べねふぃく	固有名詞
コンバス	こんばす	固有名詞
ライトスピード	らいとすぴーど	固有名詞
ルミナスエーテル	るみなすえーてる	固有名詞
ヘリオス	へりおす	固有名詞
アセンド	あせんど	固有名詞
ディグニティ	でぃぐにてぃ	固有名詞
デトリメント	でとりめんと	固有名詞
ステラ	すてら	固有名詞
ベネフィラ	べねふぃら	固有名詞
ドロー	どろー	固有名詞
ダイアーナルセクト	だいあーなるせくと	固有名詞
ダイア	だいあ	固有名詞
アスペクト・ベネフィク	あすぺくとべねふぃく	固有名詞
ロイヤルロード	ろいやるろーど	固有名詞
ドンアク	どんあく	固有名詞
キープ	きーぷ	固有名詞
アスペクト・ヘリオス	あすぺくとへりおす	固有名詞
シャッフル	しゃっふる	固有名詞
コンバラ	こんばら	固有名詞
ノクターナルセクト	のくたーなるせくと	固有名詞
ノクタ	のくた	固有名詞
シナストリー	しなすとりー	固有名詞
グラビデ	ぐらびで	固有名詞
マレフィラ	まれふぃら	固有名詞
ダイレーション	だいれーしょん	固有名詞
運命の輪	うんめいのわ	固有名詞
星天対抗	せいてんたいこう	固有名詞
アーゼマの均衡	あーぜまのきんこう	固有名詞
世界樹の幹	せかいじゅのみき	固有名詞
オシュオンの矢	おしゅおんのや	固有名詞
ハルオーネの槍	はるおーねのやり	固有名詞
サリャクの水瓶	さりゃくのみずがめ	固有名詞
ビエルゴの塔	びえるごのとう	固有名詞
マスターズメンド	ますたーずめんど	固有名詞
ステディハンド	すてでぃはんど	固有名詞
インナークワイエット	いんなーくわいえっと	固有名詞
経過観察	けいかかんさつ	固有名詞
中級加工	ちゅうきゅうかこう	固有名詞
グレートストライド	ぐれーとすとらいど	固有名詞
中級作業	ちゅうきゅうさぎょう	固有名詞
上級加工	じょうきゅうかこう	固有名詞
蒐集品製作	しゅうしゅうひんせいさく	固有名詞
ビエルゴの技巧	びえるごのぎこう	固有名詞
集中加工	しゅうちゅうかこう	固有名詞
突貫作業	とっかんさぎょう	固有名詞
ピース・バイ・ピース	ぴーすばいぴーす	固有名詞
堅実作業	けんじつさぎょう	固有名詞
模範作業	もはんさぎょう	固有名詞
ブランド・オブ・ウィンド	ぶらんどおぶうぃんど	固有名詞
ブランド・オブ・ファイア	ぶらんどおぶふぁいあ	固有名詞
ブランド・オブ・アイス	ぶらんどおぶあいす	固有名詞
ブランド・オブ・アース	ぶらんどおぶあーす	固有名詞
ブランド・オブ・ライトニング	ぶらんどおぶらいとにんぐ	固有名詞
ブランド・オブ・ウォーター	ぶらんどおぶうぉーたー	固有名詞
ビエルゴの祝福	びえるごのしゅくふく	固有名詞
ヘイスティタッチ	へいすてぃたっち	固有名詞
工面算段	くめんさんだん	固有名詞
マニピュレーション	まにぴゅれーしょん	固有名詞
コンファートゾーン	こんふぁーとぞーん	固有名詞
イノベーション	いのべーしょん	固有名詞
堅実の心得	けんじつのこころえ	固有名詞
リクレイム	りくれいむ	固有名詞
アート・オブ・ウィンド	あーとおぶうぃんど	固有名詞
アート・オブ・ファイア	あーとおぶふぁいあ	固有名詞
アート・オブ・アイス	あーとおぶあいす	固有名詞
アート・オブ・アース	あーとおぶあーす	固有名詞
アート・オブ・ライトニング	あーとおぶらいとにんぐ	固有名詞
アート・オブ・ウォーター	あーとおぶうぉーたー	固有名詞
仕事唄	しごとうた	固有名詞
会心の仕事	かいしんのしごと	固有名詞
イノベイティブタッチ	いのべいてぃぶたっち	固有名詞
ニメーヤの紡車	にめーやのぼうしゃ	固有名詞
ビエルゴの奇跡	びえるごのきせき	固有名詞
匠の技	たくみのわざ	固有名詞
プロスペクト	ぷろすぺくと	固有名詞
ランドサーベイ	らんどさーべい	固有名詞
シャープビジョン	しゃーぷびじょん	固有名詞
プレパレーション	ぷれぱれーしょん	固有名詞
アナース	あなーす	固有名詞
クリアビジョン	くりあびじょん	固有名詞
バウンティフルイールド	ばうんてぃふるいーるど	固有名詞
石工の理	せっこうのことわり	固有名詞
彫工の力	ちょうこうのちから	固有名詞
キングスイールド	きんぐすいーるど	固有名詞
トゥルー・オブ・ミネラル	とぅるーおぶみねらる	固有名詞
山師の直感	やましのちょっかん	固有名詞
山師の眼力	やましのがんりき	固有名詞
ドレッジ	どれっじ	固有名詞
トライアングレート	とらいあんぐれーと	固有名詞
アーバーコール	あーばーこーる	固有名詞
フィールドマスタリー	ふぃーるどますたりー	固有名詞
リーフターン	りーふたーん	固有名詞
フローラマスタリー	ふろーらますたりー	固有名詞
バウンティフルハーベスト	ばうんてぃふるはーべすと	固有名詞
老農の知	ろうのうのち	固有名詞
きこりの腕	きこりのうで	固有名詞
ブレスドハーベスト	ぶれすどはーべすと	固有名詞
トゥルー・オブ・フォレスト	とぅるーおぶふぉれすと	固有名詞
開拓者の手	かいたくしゃのて	固有名詞
開拓者の眼力	かいたくしゃのがんりき	固有名詞
プルーン	ぷるーん	固有名詞
蒐集品採集	しゅうしゅうひんさいしゅう	固有名詞
慎重選別	しんちょうせんべつ	固有名詞
審美眼	しんびがん	固有名詞
大胆選別	だいたんせんべつ	固有名詞
コーション	こーしょん	固有名詞
ディープブレス	でぃーぷぶれす	固有名詞
直感選別	ちょっかんせんべつ	固有名詞
シングルマインド	しんぐるまいんど	固有名詞
ラストディッチ	らすとでぃっち	固有名詞
ナルザルの加護	なるざるのかご	固有名詞
サリャクの加護	さりゃくのかご	固有名詞
ビエルゴの加護	びえるごのかご	固有名詞
ノフィカの加護	のふぃかのかご	固有名詞
メネフィナの加護	めねふぃなのかご	固有名詞
リムレーンの加護	りむれーんのかご	固有名詞
キャスティング	きゃすてぃんぐ	固有名詞
フッキング	ふっきんぐ	固有名詞
キャストライト	きゃすとらいと	固有名詞
泳がせ釣り	およがせつり	固有名詞
引掛釣り	ひっかけつり	固有名詞
ペーシェンス	ぺーしぇんす	固有名詞
ストロングフッキング	すとろんぐふっきんぐ	固有名詞
プレシジョンフッキング	ぷれしじょんふっきんぐ	固有名詞
フィッシュアイ	ふぃっしゅあい	固有名詞
見切り	みきり	固有名詞
インタージェクト	いんたーじぇくと	固有名詞
アルティメイタム	あるてぃめいたむ	固有名詞
シャーク	しゃーく	固有名詞
アームズレングス	あーむずれんぐす	固有名詞
レッグスウィープ	れっぐすうぃーぷ	固有名詞
ディヴァージョン	でぃう゛ぁーじょん	固有名詞
牽制	けんせい	固有名詞
クラッチ	くらっち	固有名詞
トゥルーノース	とぅるーのーす	固有名詞
プロトン	ぷろとん	固有名詞
タクティシャン	たくてぃしゃん	固有名詞
リフレッシュ	りふれっしゅ	固有名詞
アームグレイズ	あーむぐれいず	固有名詞
パリセード	ぱりせーど	固有名詞
アドル	あどる	固有名詞
ブレイク	ぶれいく	固有名詞
ドレイン	どれいん	固有名詞
ルーシッドドリーム	るーしっどどりーむ	固有名詞
マナシフト	まなしふと	固有名詞
イレース	いれーす	固有名詞
慈愛	じあい	固有名詞
救出	きゅうしゅつ	固有名詞
トータルエクリプス	とーたるえくりぷす	固有名詞
インターベンション	いんたーべんしょん	固有名詞
ホーリースピリット	ほーりーすぴりっと	固有名詞
レクイエスカット	れいくいえすかっと	固有名詞
パッセージ・オブ・アームズ	ぱっせーじおぶあーむず	固有名詞
オンスロート	おんすろーと	固有名詞
アップヒーバル	あっぷひーばる	固有名詞
シェイクオフ	しぇいくおふ	固有名詞
原初の解放	げんしょのかいほう	固有名詞
インナービースト	いんなーびーすと	固有名詞
ブラッドデリリアム	ぶらっどでりりあむ	固有名詞
クワイタス	くわいたす	固有名詞
ブラッドスピラー	ぶらっどすぴらー	固有名詞
ブラックナイト	ぶらっくないと	固有名詞
ブラックブラッド	ぶらっくぶらっど	固有名詞
金剛の極意	こんごうのごくい	固有名詞
疾風の極意	しっぷうのごくい	固有名詞
紅蓮の極意	ぐれんのごくい	固有名詞
桃園結義	とうえんけつぎ	固有名詞
金剛羅刹衝	こんごうらせつしょう	固有名詞
疾風羅刹衝	しっぷうらせつしょう	固有名詞
紅蓮羅刹衝	ぐれんらせつしょう	固有名詞
ソニックスラスト	そにっくすらすと	固有名詞
ドラゴンサイト	どらごんさいと	固有名詞
ミラージュダイブ	みらーじゅだいぶ	固有名詞
ナーストレンド	なーすとれんど	固有名詞
紅の竜血	くれないのりゅうけつ	固有名詞
ドラゴンアイ	どらごんあい	固有名詞
口寄せの術・大蝦蟇	くちよせのじゅつおおがま	固有名詞
大蝦蟇	おおがま	固有名詞
蝦蟇	がま	固有名詞
六道輪廻	りくどうりんね	固有名詞
天地人	てんちじん	固有名詞
集気法	しゅうきほう	固有名詞
毒刃	どくじん	固有名詞
刃風	はかぜ	固有名詞
陣風	じんぷう	固有名詞
心眼	しんがん	固有名詞
鳳蝶	あげは	固有名詞
燕飛	えんぴ	固有名詞
士風	しふう	固有名詞
風雅	ふうが	固有名詞
月光	げっこう	固有名詞
居合術	いあいじゅつ	固有名詞
居合	いあい	固有名詞
満月	まんげつ	固有名詞
花車	はなぐるま	固有名詞
桜花	おうか	固有名詞
雪風	ゆきかぜ	固有名詞
明鏡止水	めいきょうしすい	固有名詞
必殺剣・回天	ひっさつけん・かいてん	固有名詞
必殺剣・暁天	ひっさつけん・ぎょうてん	固有名詞
必殺剣・夜天	ひっさつけん・やてん	固有名詞
必殺剣・震天	ひっさつけん・しんてん	固有名詞
必殺剣・九天	ひっさつけん・きゅうてん	固有名詞
必殺剣・紅蓮	ひっさつけん・ぐれん	固有名詞
必殺剣	ひっさつけん	固有名詞
回天	かいてん	固有名詞
暁天	ぎょうてん	固有名詞
夜天	やてん	固有名詞
震天	しんてん	固有名詞
九天	きゅうてん	固有名詞
紅蓮	ぐれん	固有名詞
慈眼	じがん	固有名詞
黙想	もくそう	固有名詞
星眼	せいがん	固有名詞
葉隠	はがくれ	固有名詞
彼岸花	ひがんばな	固有名詞
天下五剣	てんかごけん	固有名詞
乱れ雪月花	みだれせつげっか	固有名詞
雪月花	せつげっか	固有名詞
剣気	けんき	固有名詞
ピッチパーフェクト	ぴっちぱーふぇくと	固有名詞
トルバドゥール	とるばどぅーる	固有名詞
コースティックバイト	こーすてぃっくばいと	固有名詞
ストームバイト	すとーむばいと	固有名詞
地神のミンネ	ちしんのみんね	固有名詞
ミンネ	みんね	固有名詞
リフルジェットアロー	りふるじぇっとあろー	固有名詞
詩心	うたごころ	固有名詞
クールダウン	くーるだうん	固有名詞
バレルヒーター	ばれるひーたー	固有名詞
オーバードライブ・ルーク	おーばーどらいぶるーく	固有名詞
フレイムスロアー	ふれいむすろあー	固有名詞
ヒートスプリットショット	ひーとすぷりっとしょっと	固有名詞
ヒートスラッグショット	ひーとすらっぐしょっと	固有名詞
ヒートクリーンショット	ひーとくりーんしょっと	固有名詞
オーバーロード・ルーク	おーばーろーどるーく	固有名詞
オーバーロード・ビショップ	おーばーろーどびしょっぷ	固有名詞
ラインズステップ	らいんずすてっぷ	固有名詞
サンダジャ	さんだじゃ	固有名詞
三連魔	さんれんま	固有名詞
ファウル	ふぁうる	固有名詞
アンブラルハート	あんぶらるはーと	固有名詞
ポリグロット	ぽりぐろっと	固有名詞
アストラルファイア	あすとらるふぁいあ	固有名詞
アンブラルブリザード	あんぶらるぶりざーど	固有名詞
ルインジャ	るいんじゃ	固有名詞
エーテルパクト	えーてるぱくと	固有名詞
バイオガ	ばいおが	固有名詞
ミアズガ	みあずが	固有名詞
サモン・バハムート	さもんばはむーと	固有名詞
エンキンドル・バハムート	えんきんどるばはむーと	固有名詞
エギの加護	えぎのかご	固有名詞
アク・モーン	あくもーん	固有名詞
バハムートエーテル	ばはむーとえーてる	固有名詞
ルイネーション	るいねーしょん	固有名詞
トランス深度	とらんすしんど	固有名詞
リポスト	りぽすと	固有名詞
ジョルト	じょると	固有名詞
ヴァルサンダー	う゛ぁるさんだー	固有名詞
コル・ア・コル	こるあこる	固有名詞
ヴァルエアロ	う゛ぁるえあろ	固有名詞
テザー	てざー	固有名詞
スキャッター	すきゃったー	固有名詞
ヴァルファイア	う゛ぁるふぁいあ	固有名詞
ヴァルストーン	う゛ぁるすとーん	固有名詞
ツヴェルクハウ	つう゛ぇるくはう	固有名詞
デプラスマン	でぷらすまん	固有名詞
デプラス	でぷらす	固有名詞
フレッシュ	ふれっしゅ	固有名詞
ルドゥブルマン	るどぅぶるまん	固有名詞
ルドゥブル	るどぅぶる	固有名詞
アクセラレーション	あくせられーしょん	固有名詞
ムーリネ	むーりね	固有名詞
ヴァルケアル	う゛ぁるけある	固有名詞
コントルシクスト	こんとるしくすと	固有名詞
エンボルデン	えんぼるでん	固有名詞
マナフィケーション	まなふぃけーしょん	固有名詞
ジョルラ	じょるら	固有名詞
ヴァルレイズ	う゛ぁるれいず	固有名詞
インパクト	いんぱくと	固有名詞
ヴァルフレア	う゛ぁるふれあ	固有名詞
ヴァルホーリー	う゛ぁるほーりー	固有名詞
エンリポスト	えんりぽすと	固有名詞
エンツヴェルクハウ	えんつう゛ぇるくはう	固有名詞
エンルドゥブルマン	えんるどぅぶるまん	固有名詞
エンムーリネ	えんむーりね	固有名詞
連続魔	れんぞくま	固有名詞
ブラックマナ	ぶらっくまな	固有名詞
ホワイトマナ	ほわいとまな	固有名詞
シンエアー	しんえあー	固有名詞
ストンジャ	すとんじゃ	固有名詞
ディヴァインベニゾン	でぃう゛ぁいんべにぞん	固有名詞
ベニゾン	べにぞん	固有名詞
インドゥルゲンティア	いんどぅるげんてぃあ	固有名詞
ヒーリングリリー	ひーりんぐりりー	固有名詞
深謀遠慮の策	しんぼうえんりょのさく	固有名詞
魔炎法	まえんほう	固有名詞
連環計	れんかんけい	固有名詞
フェイユニオン	ふぇいゆにおん	固有名詞
フェイエーテル	ふぇいえーてる	固有名詞
アルカナ破棄	あるかなはき	固有名詞
アルカナ	あるかな	固有名詞
アーサリースター	あーさりーすたー	固有名詞
マレフィガ	まれふぃが	固有名詞
マイナーアルカナ	まいなーあるかな	固有名詞
スリーヴドロー	すりーう゛どろー	固有名詞
クラウンロード	くらうんろーど	固有名詞
クラウンレディ	くらうんれでぃ	固有名詞
ステラバースト	すてらばーすと	固有名詞
ステラエクスプロージョン	すてらえくすぷろーじょん	固有名詞
星の支配者	ほしのしはいしゃ	固有名詞
巨星の支配者	きょせいのしはいしゃ	固有名詞
プロミネンス	ぷろみねんす	固有名詞
ホーリーサークル	ほーりーさーくる	固有名詞
インターヴィーン	いんたーう゛ぃーん	固有名詞
ロイエ	ろいえ	固有名詞
コンフィテオル	こんふぃておる	固有名詞
ミスリルテンペスト	みすりるてんぺすと	固有名詞
カオティックサイクロン	かおてぃっくさいくろん	固有名詞
原初の猛り	げんしょのたけり	固有名詞
インナーカオス	いんなーかおす	固有名詞
原初の混沌	げんしょのこんとん	固有名詞
暗黒の波動	あんこくのはどう	固有名詞
暗黒の剣	あんこくのけん	固有名詞
ストルワートソウル	すとるわーとそうる	固有名詞
漆黒の波動	しっこくのはどう	固有名詞
漆黒の剣	しっこくのけん	固有名詞
ダークミッショナリー	だーくみっしょなりー	固有名詞
影身具現	かげみぐげん	固有名詞
英雄の影身	えいゆうのかげみ	固有名詞
キーンエッジ	きーんえっじ	固有名詞
ノー・マーシー	のーまーしー	固有名詞
ブルータルシェル	ぶるーたるしぇる	固有名詞
カモフラージュ	かもふらーじゅ	固有名詞
デーモンスライス	でーもんすらいす	固有名詞
ロイヤルガード	ろいやるがーど	固有名詞
サンダーバレット	さんだーばれっと	固有名詞
デンジャーゾーン	でんじゃーぞーん	固有名詞
ソリッドバレル	そりっどばれる	固有名詞
バーストストライク	ばーすとすとらいく	固有名詞
ネビュラ	ねびゅら	固有名詞
デーモンスローター	でーもんすろーたー	固有名詞
オーロラ	おーろら	固有名詞
ボーライド	ぼーらいど	固有名詞
ソニックブレイク	そにっくぶれいく	固有名詞
ラフディバイド	らふでぃばいど	固有名詞
ビートファング	びーとふぁんぐ	固有名詞
サベッジクロウ	さべっじくろう	固有名詞
ウィケッドタロン	うぃけっどたろん	固有名詞
バウショック	ばうしょっく	固有名詞
ハート・オブ・ライト	はーとおぶらいと	固有名詞
ハート・オブ・ストーン	はーとおぶすとーん	固有名詞
コンティニュエーション	こんてぃにゅえーしょん	固有名詞
ジャギュラーリップ	じゃぎゅらーりっぷ	固有名詞
アブドメンテアー	あぷどめんてあー	固有名詞
アイガウジ	あいがうじ	固有名詞
フェイテッドサークル	ふぇいてっどさーくる	固有名詞
ブラッドソイル	ぶらっどそいる	固有名詞
ブラスティングゾーン	ぶらすてぃんぐぞーん	固有名詞
ソイル	そいる	固有名詞
ハート・オブ・ソラス	はーとおぶそらす	固有名詞
ディア	でぃあ	固有名詞
グレア	ぐれあ	固有名詞
ハート・オブ・ミゼリ	はーとおぶみぜり	固有名詞
ハート・オブ・ラプチャー	はーとおぶらぷちゃー	固有名詞
テンパランス	てんぱらんす	固有名詞
ブラッドリリー	ぶらっどりりー	固有名詞
サモン・エオス	さもんえおす	固有名詞
サモン・セレネ	さもんせれね	固有名詞
光の囁き	ひかりのささやき	固有名詞
フェイイルミネーション	ふぇいいるみねーしょん	固有名詞
破陣法	はじんほう	固有名詞
蠱毒法	こどくほう	固有名詞
死炎法	しえんほう	固有名詞
秘策	ひさく	固有名詞
フェイブレッシング	ふぇいぶれっしんぐ	固有名詞
サモン・セラフィム	さもんせらふぃむ	固有名詞
コンソレイション	こんそれいしょん	固有名詞
セラフィックヴェール	せらふぃっくう゛ぇーる	固有名詞
光輝の囁き	こうきのささやき	固有名詞
セラフィックイルミネーション	せらふぃっくいるみねーしょん	固有名詞
プレイ	ぷれい	固有名詞
ディヴィネーション	でぃう゛ぃねーしょん	固有名詞
ステラデトネーション	すてらでとねーしょん	固有名詞
コンバガ	こんばが	固有名詞
マレフィジャ	まれふぃじゃ	固有名詞
星天交差	せいてんこうさ	固有名詞
ホロスコープ	ほろすこーぷ	固有名詞
ニュートラルセクト	にゅーとらるせくと	固有名詞
四面脚	しめんきゃく	固有名詞
万象闘気圏	ばんしょうとうきけん	固有名詞
無我	むが	固有名詞
六合星導脚	りくごうせいどうきゃく	固有名詞
クルザントーメント	くるざんとーめんと	固有名詞
ハイジャンプ	はいじゃんぷ	固有名詞
竜眼雷電	りゅうがんらいでん	固有名詞
スターダイバー	すたーだいばー	固有名詞
八卦無刃殺	はっけむじんさつ	固有名詞
命水	めいすい	固有名詞
分身の術	ぶんしんのじゅつ	固有名詞
劫火滅却の術	ごうかめっきゃくのじゅつ	固有名詞
氷晶乱流の術	ひょうしょうらんりゅうのじゅつ	固有名詞
意気衝天	いきしょうてん	固有名詞
必殺剣・閃影	ひっさつけんせんえい	固有名詞
閃影	せんえい	固有名詞
燕返し	つばめがえし	固有名詞
照破	しょうは	固有名詞
返し彼岸花	かえしひがんばな	固有名詞
返し五剣	かえしごけん	固有名詞
返し雪月花	かえしせつげっか	固有名詞
忍気	にんき	固有名詞
詩心	ししん	固有名詞
シャドウバイト	しゃどうばいと	固有名詞
バーストショット	ばーすいとしょっと	固有名詞
エイペックスアロー	えいぺっくすあろー	固有名詞
軍神の加護	ぐんしんのかご	固有名詞
軍神の契約	ぐんしんのけいやく	固有名詞
カスケード	かすけーど	固有名詞
ファウンテン	ふぁうんてん	固有名詞
ウィンドミル	うぃんどみる	固有名詞
スタンダードステップ	すたんだーどすてっぷ	固有名詞
スタンダードフィニッシュ	すたんだーどふぃにっしゅ	固有名詞
リバースカスケード	りばーすかすけーど	固有名詞
ブレードシャワー	ぶれーどしゃわー	固有名詞
扇の舞い	おうぎのまい	固有名詞
扇の舞い【序】	おうぎのまいじょ	固有名詞
扇の舞い【破】	おうぎのまいは	固有名詞
扇の舞い【急】	おうぎのまいきゅう	固有名詞
ライジングウィンドミル	らいじんぐうぃんどみる	固有名詞
ファウンテンフォール	ふぁうんてんふぉーる	固有名詞
ブラッドシャワー	ぶらっどしゃわー	固有名詞
アン・アヴァン	あんあう゛ぁん	固有名詞
癒やしのワルツ	いやしのわるつ	固有名詞
守りのサンバ	まもりのさんば	固有名詞
クローズドポジション	くろーずどぽじしょん	固有名詞
攻めのタンゴ	せめのたんご	固有名詞
テクニカルステップ	てくにかるすてっぷ	固有名詞
テクニカルフィニッシュ	てくにかるふぃにっしゅ	固有名詞
フラリッシュ	ふらりっしゅ	固有名詞
剣の舞い	つるぎのまい	固有名詞
インプロビゼーション	いんぷろびぜーしょん	固有名詞
薔薇のアンボワテ	ばらのあんぼわて	固有名詞
小鳥のアントルシャ	ことりのあんとるしゃ	固有名詞
緑葉のジュテ	りょくようのじゅて	固有名詞
金冠のピルエッテ	きんかんのぴるえって	固有名詞
アンボワテ	あんぼわて	固有名詞
アントルシャ	あんとるしゃ	固有名詞
ジュテ	じゅて	固有名詞
ピルエッテ	ぴるえって	固有名詞
エスプリ	えすぷり	固有名詞
デトネーター	でとねーたー	固有名詞
オートボウガン	おーとぼうがん	固有名詞
ドリル	どりる	固有名詞
バイオブラスト	ばいおぶらすと	固有名詞
エアアンカー	えああんかー	固有名詞
オートマトン・クイーン	おーとまとんくいーん	固有名詞
オーバードライブ・クイーン	おーばーどらいぶくいーん	固有名詞
クイーン・アームパンチ	くいーんあーむぱんち	固有名詞
クイーン・ローラーダッシュ	くいーんろーらーだっしゅ	固有名詞
クイーン・パイルバンカー	くいーんぱいるばんかー	固有名詞
アームパンチ	あーむぱんち	固有名詞
ローラーダッシュ	ろーらーだっしゅ	固有名詞
パイルバンカー	ぱいるばんかー	固有名詞
ランスチャージ	らんすちゃーじ	固有名詞
マナフォント	まなふぉんと	固有名詞
デスペア	ですぺあ	固有名詞
アンブラルソウル	あんぶらるそうる	固有名詞
ゼノグロシー	ぜのぐろしー	固有名詞
エギアサルト	えぎあさると	固有名詞
エナジーサイフォン	えなじーさいふぉん	固有名詞
アウトバースト	あうとばーすと	固有名詞
トランス・フェニックス	とらんすふぇにっくす	固有名詞
フェニックス	ふぇにっくす	固有名詞
霊泉の炎	れいせんのほのお	固有名詞
煉獄の炎	れんごくのほのお	固有名詞
エンキンドル・フェニックス	えんきんどるふぇにっくす	固有名詞
不死鳥の翼	ふしちょうのつばさ	固有名詞
火焔	かえん	固有名詞
リヴァレーション	りう゛ぁれーしょん	固有名詞
エメラルドの煌き	えめらるどのきらめき	固有名詞
トパーズの煌き	とぱーずのきらめき	固有名詞
スリップストリーム	すりっぷすとりーむ	固有名詞
大地の鎧	だいちのよろい	固有名詞
ヴァルサンダラ	う゛ぁるさんだら	固有名詞
ヴァルエアロラ	う゛ぁるえあろら	固有名詞
アンガジェマン	あんがじぇまん	固有名詞
ルプリーズ	るぷりーず	固有名詞
スコーチ	すこーち	固有名詞
エンルプリーズ	えんるぷりーず	固有名詞
剣圧	けんあつ	固有名詞
剣術	けんじゅつ	固有名詞
剣術士	けんじゅつし	固有名詞
格闘	かくとう	固有名詞
格闘士	かくとうし	固有名詞
斧術	ふじゅつ	固有名詞
斧術士	ふじゅつし	固有名詞
槍術	そうじゅつ	固有名詞
槍術士	そうじゅつし	固有名詞
弓術	きゅうじゅつ	固有名詞
弓術士	きゅうじゅつし	固有名詞
幻術	げんじゅつ	固有名詞
幻術士	げんじゅつし	固有名詞
呪術	じゅじゅつ	固有名詞
呪術士	じゅじゅつし	固有名詞
巴術	はじゅつ	固有名詞
巴術士	はじゅつし	固有名詞
木工師	もっこうし	固有名詞
鍛冶師	かじし	固有名詞
甲冑師	かっちゅうし	固有名詞
彫金師	ちょうきんし	固有名詞
革細工師	かわざいくし	固有名詞
裁縫師	さいほうし	固有名詞
錬金術師	れんきんじゅつし	固有名詞
調理師	ちょうりし	固有名詞
採掘師	さいくつし	固有名詞
園芸師	えんげいし	固有名詞
漁師	りょうし	固有名詞
ナイト	ないと	固有名詞
モンク	もんく	固有名詞
戦士	せんし	固有名詞
竜騎士	りゅうきし	固有名詞
吟遊詩人	ぎんゆうしじん	固有名詞
白魔道士	しろまどうし	固有名詞
白魔	しろま	固有名詞
黒魔道士	くろまどうし	固有名詞
黒魔	くろま	固有名詞
召喚士	しょうかんし	固有名詞
学者	がくしゃ	固有名詞
暗黒騎士	あんこくきし	固有名詞
機工士	きこうし	固有名詞
占星術士	せんせいじゅつし	固有名詞
占星	せんせい	固有名詞
ヒューラン	ひゅーらん	固有名詞
ミッドランダー	みっどらんだー	固有名詞
ハイランダー	はいらんだー	固有名詞
エレゼン	えれぜん	固有名詞
フォレスター	ふぉれすたー	固有名詞
シェーダー	しぇーだー	固有名詞
ララフェル	ららふぇる	固有名詞
プレーンフォーク	ぷれーんふぉーく	固有名詞
デューンフォーク	でゅーんふぉーく	固有名詞
ミコッテ	みこって	固有名詞
サンシーカー	さんしーかー	固有名詞
ムーンキーパー	むーんきーぱー	固有名詞
ルガディン	るがでぃん	固有名詞
ゼーヴォルフ	ぜーう゛ぉるふ	固有名詞
ローエンガルデ	ろーえんがるで	固有名詞
アウラ	あうら	固有名詞
アウラ・レン	あうられん	固有名詞
アウラ・ゼラ	あうらぜら	固有名詞
角尊	つのみこと	固有名詞
モーグリ	もーぐり	固有名詞
チョコボ	ちょこぼ	固有名詞
霊災	れいさい	固有名詞
アシエン	あしえん	固有名詞
ゾディアーク	ぞでぃあーく	固有名詞
蛮族	ばんぞく	固有名詞
アマルジャ	あまるじゃ	固有名詞
コボルド	こぼるど	固有名詞
イクサル	いくさる	固有名詞
サハギン	さはぎん	固有名詞
シルフ	しるふ	固有名詞
マムージャ	まむーじゃ	固有名詞
ゴブリン	ごぶりん	固有名詞
キキルン	ききるん	固有名詞
バヌバヌ	ばぬばぬ	固有名詞
グナース	ぐなーす	固有名詞
アナンタ	あなんた	固有名詞
コウジン	こうじん	固有名詞
蛮神	ばんしん	固有名詞
三闘神	さんとうしん	固有名詞
焔神	えんしん	固有名詞
イフリート	いふりーと	固有名詞
岩神	がんしん	固有名詞
タイタン	たいたん	固有名詞
嵐神	らんしん	固有名詞
ガルーダ	がるーだ	固有名詞
水神	すいじん	固有名詞
リヴァイアサン	りう゛ぁいあさん	固有名詞
善王	ぜんおう	固有名詞
モグル・モグXII世	もぐるもぐじゅうにせい	固有名詞
モグル・モグ	もぐるもぐ	固有名詞
雷神	らいじん	固有名詞
ラムウ	らむう	固有名詞
氷神	ひょうじん	固有名詞
シヴァ	しう゛ぁ	固有名詞
闘神	とうしん	固有名詞
オーディン	おーでぃん	固有名詞
武神	ぶしん	固有名詞
ラーヴァナ	らーう゛ぁな	固有名詞
雲神	うんしん	固有名詞
ビスマルク	びすまるく	固有名詞
騎神	きしん	固有名詞
トールダン	とーるだん	固有名詞
ナイツ・オブ・ラウンド	ないつおぶらうんど	固有名詞
蒼天幻想	そうてんげんそう	固有名詞
魔神	まじん	固有名詞
セフィロト	せふぃろと	固有名詞
ソフィア	そふぃあ	固有名詞
鬼神	きしん	固有名詞
ズルワーン	ずるわーん	固有名詞
龍神	りゅうじん	固有名詞
バハムート	ばはむーと	固有名詞
機工城	きこうじょう	固有名詞
アレキサンダー	あれきさんだー	固有名詞
スサノオ	すさのお	固有名詞
ラクシュミ	らくしゅみ	固有名詞
フェニックス	ふぇにっくす	固有名詞
グランドカンパニー	ぐらんどかんぱにー	
グラカン	ぐらかん	
フリーカンパニー	ふりーかんぱにー	
フリカン	ふりかん	
黒渦団	こっかだん	
黒渦	こっか	
双蛇党	そうじゃとう	
双蛇	そうじゃ	
不滅隊	ふめつたい	
不滅	ふめつ	
イエロージャケット	いえろーじゃけっと	
断罪党	だんざいとう	
百鬼夜行	ひゃっきやこう	
紅血聖女団	こうけつせいじょだん	
神勇隊	しんゆうたい	
鬼哭隊	きこくたい	
砂蠍衆	さかつしゅう	
銀冑団	ぎんちゅうだん	
銅刃団	どうじんだん	
鉄灯団	てっとうだん	
神殿騎士団	しんでんきしだん	
蒼天騎士団	そうてんきしだん	
屠龍	とりゅう	固有名詞
魔導	まどう	固有名詞
エキスパ	えきすぱ	固有名詞
エキルレ	えきるれ	固有名詞
真蛮神	しんばんしん	固有名詞
極蛮神	ごくばんしん	固有名詞
シャキ	しゃき	
ペロ	ぺろ	
風脈	ふうみゃく	固有名詞
赤誠組	せきせいぐみ	固有名詞
ナーマ	なーま	固有名詞
アジム	あじむ	固有名詞
美神	びしん	固有名詞
豪神	ごうしん	固有名詞
神龍	しんりゅう	固有名詞
夜神	やじん	固有名詞
夜神	よしん	固有名詞
ツクヨミ	つくよみ	固有名詞
友神	ゆうじん	固有名詞
エンキドゥ	えんきどぅ	固有名詞
四聖獣	しせいじゅう	固有名詞
瑞獣	ずいじゅう	固有名詞
レベルレ	れべるれ	固有名詞
アラルレ	あらるれ	固有名詞
討滅戦	とうめつせん	固有名詞
討伐戦	とうばつせん	固有名詞
征魂戦	せいこんせん	固有名詞
頭割り	あたまわり	固有名詞
距離減衰	きょりげんすい	固有名詞
バフ	ばふ	固有名詞
デバフ	でばふ	固有名詞
ミラージュプリズム	みらーじゅぷりずむ	固有名詞
ミラプリ	みらぷり	固有名詞
トレジャーハント	とれじゃーはんと	固有名詞
トレハン	とれはん	固有名詞
エターナルバンド	えたーなるばんど	固有名詞
エタバン	えたばん	固有名詞
フリーロット	ふりーろっと	固有名詞
フリロ	ふりろ	固有名詞
グリパ	ぐりぱ	固有名詞
タゲ	たげ	固有名詞
ヒカセン	ひかせん	固有名詞
ランダムターゲット	らんだむたーげっと	固有名詞
ランタゲ	らんたげ	固有名詞
リキャスト	りきゃすと	固有名詞
リキャ	りきゃ	固有名詞
ロドスト	ろどすと	固有名詞
ナマズオ	なまずお	固有名詞
タゲ	たげ	
罪喰い	つみくい	固有名詞
大罪喰い	おおつみくい	固有名詞
イノセンス	いのせんす	固有名詞
ティターニア	てぃたーにあ	固有名詞
ハーデス	はーです	固有名詞
ン・モゥ	んもぅ	固有名詞
アマロ	あまろ	固有名詞
ピクシー	ぴくしー	固有名詞
ヒュム	ひゅむ	固有名詞
ミステル	みすてる	固有名詞
エルフ	えるふ	固有名詞
ガルジェント	がるじぇんと	固有名詞
ドラン	どらん	固有名詞
ドワーフ	どわーふ	固有名詞
ロスガル	ろすがる	固有名詞
ヘリオン	へりおん	固有名詞
ロスト	ろすと	固有名詞
ヴィエラ	う゛ぃえら	固有名詞
ヴィナ・ヴィエラ	う゛ぃなう゛ぃえら	固有名詞
ラヴァ・ヴィエラ	らう゛ぁう゛ぃえら	固有名詞
ロンゾ	ろんぞ	固有名詞
ヴィース	う゛ぃーす	固有名詞
赤魔道士	あかまどうし	固有名詞
赤魔	あかま	固有名詞
青魔道士	あおまどうし	固有名詞
青魔	あおま	固有名詞
侍	さむらい	固有名詞
踊り子	おどりこ	固有名詞
ガンブレイカー	がんぶれいかー	固有名詞
