マスターズメンド	ますたーずめんど	固有名詞
インナークワイエット	いんなーくわいえっと	固有名詞
グレートストライド	ぐれーとすとらいど	固有名詞
蒐集品製作	しゅうしゅうひんせいさく	固有名詞
集中加工	しゅうちゅうかこう	固有名詞
ヴェネレーション	べねれーしょん	固有名詞
倹約加工	けんやくかこう	固有名詞
突貫作業	とっかんさぎょう	固有名詞
模範作業	もはんさぎょう	固有名詞
ビエルゴの祝福	びえるごのしゅくふく	固有名詞
ヘイスティタッチ	へいすてぃたっち	固有名詞
マニピュレーション	まにぴゅれーしょん	固有名詞
イノベーション	いのべーしょん	固有名詞
ヴェネレーション	べねれーしょん	固有名詞
匠の早業	たくみのはやわざ	固有名詞
匠の神業	たくみのかみわざ	固有名詞
ギャザラー	ぎゃざらー	
クラフター	くらふたー	
ギャザクラ	ぎゃざくら
木工師	もっこうし	固有名詞
鍛冶師	かじし	固有名詞
甲冑師	かっちゅうし	固有名詞
彫金師	ちょうきんし	固有名詞
革細工師	かわざいくし	固有名詞
裁縫師	さいほうし	固有名詞
錬金術師	れんきんじゅつし	固有名詞
調理師	ちょうりし	固有名詞
採掘師	さいくつし	固有名詞
園芸師	えんげいし	固有名詞
漁師	りょうし	固有名詞
キャスティング	きゃすてぃんぐ	固有名詞
フッキング	ふっきんぐ	固有名詞
泳がせ釣り	およがせつり	固有名詞
引掛釣り	ひっかけつり	固有名詞
ペーシェンス	ぺーしぇんす	固有名詞
ストロングフッキング	すとろんぐふっきんぐ	固有名詞
プレシジョンフッキング	ぷれしじょんふっきんぐ	固有名詞
